username,password_hash
Kaushal,30c2806632d2877b2d6a3cd59db0b571424014c1a3729f727d95455d8d7a3391
Alice,3bc51062973c458d5a6f2d8d64a023246354ad7e064b1e4e009ec8a0699a3043
Bob,3760d33a014dc00b1c2253027b2287a0a9db205fa8d5aea61b7b980d6c4da166
Charlie,6e81b1255ad51bb201a2b8afa9b66653297ae0217f833b14b39b5231228bf968
David,a6b54c20a7b96eeac1a911e6da3124a560fe6dc042ebf270e3676e7095b95652
Ethy,dd61cfbbcd3b167eac329e58774c5c6291f7bb51e90039338d0d7525da021077
Fancy,192ae443c871e4c1b4f53284923b194f6ade8a0f22bdb98e8ee051f7516cafea
Gooned,00197de1d508dde9464e1fda5f0171b5367235b9db2956c620d9b7dfb898bf0a
bot_user_0,ef92b778bafe771e89245b89ecbc08a44a4e166c06659911881f383d4473e94f
bot_user_3,ef92b778bafe771e89245b89ecbc08a44a4e166c06659911881f383d4473e94f
bot_user_2,ef92b778bafe771e89245b89ecbc08a44a4e166c06659911881f383d4473e94f
bot_user_1,ef92b778bafe771e89245b89ecbc08a44a4e166c06659911881f383d4473e94f
bot_user_4,ef92b778bafe771e89245b89ecbc08a44a4e166c06659911881f383d4473e94f
bot_user_6,ef92b778bafe771e89245b89ecbc08a44a4e166c06659911881f383d4473e94f
bot_user_7,ef92b778bafe771e89245b89ecbc08a44a4e166c06659911881f383d4473e94f
bot_user_5,ef92b778bafe771e89245b89ecbc08a44a4e166c06659911881f383d4473e94f
bot_user_8,ef92b778bafe771e89245b89ecbc08a44a4e166c06659911881f383d4473e94f
bot_user_9,ef92b778bafe771e89245b89ecbc08a44a4e166c06659911881f383d4473e94f
